<!--
	This has to sit in the root because of AIR's restrictions on accessing
	files outside of the application dir. This does indeed suck.
-->


<?xml version="1.0" encoding="UTF-8"?>
<application xmlns="http://ns.adobe.com/air/application/1.5">

	<!-- Adobe AIR Application Descriptor File Template.

		Specifies parameters for identifying, installing, and launching AIR applications.

		xmlns - The Adobe AIR namespace: http://ns.adobe.com/air/application/2.0beta
				The last segment of the namespace specifies the version 
				of the AIR runtime required for this application to run.

		minimumPatchLevel - The minimum patch level of the AIR runtime required to run 
				the application. Optional.
	-->

	<!-- The application identifier string, unique to this application. Required. -->
	<id>com.funkatron.app.lawnchair-test</id>

	<!-- Used as the filename for the application. Required. -->
	<filename>lawnchar-test</filename>

	<!-- The name that is displayed in the AIR application installer. Optional. -->
	<!-- <name></name> -->

	<!-- An application version designator (such as "v1", "2.5", or "Alpha 1"). Required. -->
	<version>0.1.0</version>

	<!-- Description, displayed in the AIR application installer. Optional. -->
	<!-- <description></description> -->

	<!-- Copyright information. Optional -->
	<!-- <copyright></copyright> -->

	<!-- Settings for the application's initial window. Required. -->
	<initialWindow>
		<!-- The main SWF or HTML file of the application. Required. -->
		<!-- Note: In Flex Builder, the SWF reference is set automatically. -->
		<content>spec/adaptors/air.html</content>

		<!-- The title of the main window. Optional. -->
		<!-- <title></title> -->

		<!-- The type of system chrome to use (either "standard" or "none"). Optional. Default standard. -->
		<!-- <systemChrome></systemChrome> -->

		<!-- Whether the window is transparent. Only applicable when systemChrome is false. Optional. Default false. -->
		<!-- <transparent></transparent> -->

		<!-- Whether the window is initially visible. Optional. Default false. -->
		<visible>true</visible>

		<!-- Whether the user can minimize the window. Optional. Default true. -->
		<!-- <minimizable></minimizable> -->

		<!-- Whether the user can maximize the window. Optional. Default true. -->
		<!-- <maximizable></maximizable> -->

		<!-- Whether the user can resize the window. Optional. Default true. -->
		<!-- <resizable></resizable> -->

		<!-- The window's initial width. Optional. -->
		<width>800</width>

		<!-- The window's initial height. Optional. -->
		<height>600</height>

		<!-- The window's initial x position. Optional. -->
		<x>50</x>

		<!-- The window's initial y position. Optional. -->
		<y>50</y>

		<!-- The window's minimum size, specified as a width/height pair, such as "400 200". Optional. -->
		<!-- <minSize></minSize> -->

		<!-- The window's initial maximum size, specified as a width/height pair, such as "1600 1200". Optional. -->
		<!-- <maxSize></maxSize> -->
	</initialWindow>

	<!-- The subpath of the standard default installation location to use. Optional. -->
	<!-- <installFolder></installFolder> -->

	<!-- The subpath of the Windows Start/Programs menu to use. Optional. -->
	<!-- <programMenuFolder></programMenuFolder> -->

	<!-- The icon the system uses for the application. For at least one resolution,
		 specify the path to a PNG file included in the AIR package. Optional. -->
	<!-- <icon>
		<image16x16></image16x16>
		<image32x32></image32x32>
		<image48x48></image48x48>
		<image128x128></image128x128>
	</icon> -->

	<!-- Whether the application handles the update when a user double-clicks an update version
	of the AIR file (true), or the default AIR application installer handles the update (false).
	Optional. Default false. -->
	<!-- <customUpdateUI></customUpdateUI> -->

	<!-- Whether the application can be launched when the user clicks a link in a web browser.
	Optional. Default false. -->
	<!-- <allowBrowserInvocation></allowBrowserInvocation> -->

	<!-- Listing of file types for which the application can register. Optional. -->
	<!-- <fileTypes> -->

		<!-- Defines one file type. Optional. -->
		<!-- <fileType> -->

			<!-- The name that the system displays for the registered file type. Required. -->
			<!-- <name></name> -->

			<!-- The extension to register. Required. -->
			<!-- <extension></extension> -->

			<!-- The description of the file type. Optional. -->
			<!-- <description></description> -->

			<!-- The MIME type. Optional. -->
			<!-- <contentType></contentType> -->

			<!-- The icon to display for the file type. Optional. -->
			<!-- <icon>
				<image16x16></image16x16>
				<image32x32></image32x32>
				<image48x48></image48x48>
				<image128x128></image128x128>
			</icon> -->

		<!-- </fileType> -->
	<!-- </fileTypes> -->

</application>